Label,# Samples,Average,Median,90% Line,95% Line,99% Line,Min,Max,Error %,Throughput,Received KB/sec,Sent KB/sec
GET /pacientes,970,6337,1517,28697,34148,36140,600,36683,8.247%,14.18958,4.97,2.16
TOTAL,970,6337,1517,28697,34148,36140,600,36683,8.247%,14.18958,4.97,2.16
